Question,Answer
What is Dunder Mifflin?,"Dunder Mifflin is a leading supplier of paper and office products, providing high-quality materials to businesses and individuals."
Where is Dunder Mifflin located?,"Our headquarters is in Scranton, Pennsylvania, with additional branch locations serving various regions."
How long has Dunder Mifflin been in business?,"We have been proudly serving customers for over 75 years, delivering exceptional service and premium office supplies."
What is Dunder Mifflin’s mission?,Our mission is to provide high-quality paper products and office supplies while delivering outstanding customer service with a personal touch.
What products does Dunder Mifflin offer?,"We specialize in high-quality paper products, including printer paper, cardstock, specialty paper, and office supplies."
What makes Dunder Mifflin different from other paper suppliers?,"We pride ourselves on our personalized customer service, competitive pricing, and commitment to quality products. Unlike big-box retailers, we value each client relationship."
Who are Dunder Mifflin’s main customers?,"We serve a wide range of clients, including small businesses, large corporations, schools, and individuals looking for premium office supplies."
Can I visit a Dunder Mifflin office in person?,"Our offices primarily handle corporate operations, but we welcome inquiries and business visits by appointment."
Do you have parking at your office?,"Yes, we have free parking available for our customers. The parking lot is located behind our building."
What are your business hours?,"Our business hours are from 9 AM to 5 PM, Monday to Friday. We are closed on weekends."
Can I schedule a meeting with a sales representative?,"Yes! Please provide your preferred date and time, and I’ll check our availability."
Are you open on holidays?,"We are closed on major holidays, but some orders can still be processed online. Would you like to check our holiday schedule?"
Can I place a bulk order for my business?,Yes! We offer bulk purchasing options for businesses. Contact our sales team for customized pricing.
Do you provide eco-friendly paper options?,Absolutely! We have a selection of recycled and sustainable paper products for environmentally conscious customers.
Do you sell colored paper?,Yes! We offer a variety of colored paper options. What size and color are you looking for?
Do you offer event planning?,We specialize in office supplies and paper products. Can I help you find the right materials for your business needs?
Does Dunder Mifflin sell more than just paper?,"Yes! In addition to high-quality paper products, we offer office supplies, stationery, and printing services for businesses of all sizes."
What is Dunder Mifflin doing to promote sustainability?,"We offer a range of recycled paper products, support responsible sourcing, and continuously work to reduce our environmental footprint."
Are your products made in the USA?,"Many of our products are sourced from high-quality manufacturers in the USA, ensuring top-tier quality and sustainability."
How can I place an order?,"Orders can be placed online through our website, by phone, or by contacting your assigned sales representative."
What are your shipping options?,We offer standard and expedited shipping within the U.S. Shipping costs vary based on order size and location.
How long does shipping take?,Standard shipping typically takes 3-5 business days. Expedited shipping options are available at checkout.
What happens if an item I ordered is out of stock?,We will notify you immediately and provide alternative options or an estimated restock date.
Do you ship internationally?,"Currently, we only ship within the U.S. If you’re outside the country, please contact us for potential solutions."
How much do your paper products cost?,Prices vary depending on the type and quantity of paper you need. Would you like me to provide a quote?
What payment methods do you accept?,"We accept all major credit cards, PayPal, and corporate billing accounts."
What is your return policy?,We accept returns within 30 days of purchase for unused and unopened products. Some restrictions may apply.
How do I request a refund?,"Contact our customer service team with your order details, and we will assist you with the return process."
How can I contact customer service?,"You can reach us via phone at (570) 555-1234 or email us at support@dundermifflin.com, or by visiting our website at www.dundermifflin.com. Our support team is available Monday-Friday, 9 AM - 5 PM."
What if I have a problem with my order?,"Please reach out to our customer service team as soon as possible, and we will resolve the issue promptly."
How quickly does customer service respond to inquiries?,"We aim to respond to all inquiries within 24 business hours. For urgent issues, phone support is available during business hours."
Do you offer live chat support?,Yes! Our website features a live chat option where you can get real-time assistance from a customer support representative.
How can I apply for a job at Dunder Mifflin?,We’re always looking for passionate team members! Visit our Careers page for current job openings and application details.
Does Dunder Mifflin offer internships?,"Yes! We have internship programs for students and recent graduates interested in business, marketing, and sales."
"Thank you, goodbye!","You’re welcome! If you need anything else, feel free to reach out. Have a great day!"
